{"cameraMode":{"drawMode":0,"name":"Shaded","section":"Shading Mode"},"sceneLighting":false,"audioPlay":false,"sceneViewState":{"m_AlwaysRefresh":false,"showFog":true,"showSkybox":false,"showFlares":true,"showImageEffects":true,"showParticleSystems":true,"showVisualEffectGraphs":true,"m_FxEnabled":true},"in2DMode":false,"pivot":{"x":0.4380076229572296,"y":0.34970974922180178,"z":-0.3738822937011719},"rotation":{"x":-0.17006021738052369,"y":-0.03517531231045723,"z":0.006075327750295401,"w":-0.9847898483276367},"size":1.8377028703689576,"orthographic":false}