{"cameraMode":{"drawMode":0,"name":"Shaded","section":"Shading Mode"},"sceneLighting":true,"audioPlay":false,"sceneViewState":{"m_AlwaysRefresh":false,"showFog":true,"showSkybox":true,"showFlares":true,"showImageEffects":true,"showParticleSystems":true,"showVisualEffectGraphs":true,"m_FxEnabled":true},"in2DMode":false,"pivot":{"x":0.631401538848877,"y":-0.20539093017578126,"z":-0.3904228210449219},"rotation":{"x":-0.47609803080558779,"y":-0.02874922566115856,"z":0.015576636418700219,"w":-0.8787873983383179},"size":23.632051467895509,"orthographic":false}