{"cameraMode":{"drawMode":0,"name":"Shaded","section":"Shading Mode"},"sceneLighting":true,"audioPlay":false,"sceneViewState":{"m_AlwaysRefresh":false,"showFog":true,"showSkybox":true,"showFlares":true,"showImageEffects":true,"showParticleSystems":true,"showVisualEffectGraphs":true,"m_FxEnabled":true},"in2DMode":false,"pivot":{"x":0.32357004284858706,"y":-1.4370002746582032,"z":-3.222291946411133},"rotation":{"x":-0.47238975763320925,"y":-0.002382567385211587,"z":0.0012779113603755832,"w":-0.8813899159431458},"size":15.864866256713868,"orthographic":false}