{"cameraMode":{"drawMode":0,"name":"Shaded","section":"Shading Mode"},"sceneLighting":true,"audioPlay":false,"sceneViewState":{"m_AlwaysRefresh":false,"showFog":true,"showSkybox":true,"showFlares":true,"showImageEffects":true,"showParticleSystems":true,"showVisualEffectGraphs":true,"m_FxEnabled":true},"in2DMode":false,"pivot":{"x":0.6395601034164429,"y":-1.6491661071777344,"z":-3.5429916381835939},"rotation":{"x":-0.47238975763320925,"y":-0.002382567385211587,"z":0.0012779113603755832,"w":-0.8813899159431458},"size":24.5379695892334,"orthographic":false}