{"cameraMode":{"drawMode":0,"name":"Shaded","section":"Shading Mode"},"sceneLighting":false,"audioPlay":false,"sceneViewState":{"m_AlwaysRefresh":false,"showFog":true,"showSkybox":false,"showFlares":true,"showImageEffects":true,"showParticleSystems":true,"showVisualEffectGraphs":true,"m_FxEnabled":true},"in2DMode":false,"pivot":{"x":0.27404865622520449,"y":0.9373910427093506,"z":0.6889944076538086},"rotation":{"x":-0.29936060309410097,"y":-0.05263715609908104,"z":0.01654355227947235,"w":-0.9525463581085205},"size":2.7067809104919435,"orthographic":false}