{"cameraMode":{"drawMode":0,"name":"Shaded","section":"Shading Mode"},"sceneLighting":false,"audioPlay":false,"sceneViewState":{"m_AlwaysRefresh":false,"showFog":true,"showSkybox":false,"showFlares":true,"showImageEffects":true,"showParticleSystems":true,"showVisualEffectGraphs":true,"m_FxEnabled":true},"in2DMode":false,"pivot":{"x":-0.010155484080314637,"y":-0.1549084186553955,"z":-0.16542208194732667},"rotation":{"x":-0.3980540335178375,"y":-0.020365752279758455,"z":0.008840668946504593,"w":-0.9170963168144226},"size":2.3814635276794435,"orthographic":false}