{"cameraMode":{"drawMode":0,"name":"Shaded","section":"Shading Mode"},"sceneLighting":false,"audioPlay":false,"sceneViewState":{"m_AlwaysRefresh":false,"showFog":true,"showSkybox":false,"showFlares":true,"showImageEffects":true,"showParticleSystems":true,"showVisualEffectGraphs":true,"m_FxEnabled":true},"in2DMode":false,"pivot":{"x":0.6685467958450317,"y":-0.06171309947967529,"z":-0.09581601619720459},"rotation":{"x":-0.3980540335178375,"y":-0.020365752279758455,"z":0.008840668946504593,"w":-0.9170963168144226},"size":1.480690360069275,"orthographic":false}